{"cameraMode":{"drawMode":0,"name":"Shaded","section":"Shading Mode"},"sceneLighting":true,"audioPlay":false,"sceneViewState":{"m_AlwaysRefresh":false,"showFog":true,"showSkybox":true,"showFlares":true,"showImageEffects":true,"showParticleSystems":true,"showVisualEffectGraphs":true,"m_FxEnabled":false},"in2DMode":false,"pivot":{"x":-0.7097511291503906,"y":0.8149404525756836,"z":-0.7186613082885742},"rotation":{"x":0.041290849447250369,"y":-0.7990139722824097,"z":0.05521468445658684,"w":0.5973653793334961},"size":12.12435531616211,"orthographic":false}