{"cameraMode":{"drawMode":0,"name":"Shaded","section":"Shading Mode"},"sceneLighting":true,"audioPlay":false,"sceneViewState":{"m_AlwaysRefresh":false,"showFog":true,"showSkybox":true,"showFlares":true,"showImageEffects":true,"showParticleSystems":true,"showVisualEffectGraphs":true,"m_FxEnabled":false},"in2DMode":false,"pivot":{"x":7.801402568817139,"y":-6.284265041351318,"z":-14.00543212890625},"rotation":{"x":-0.005977372173219919,"y":0.9697626233100891,"z":-0.24287422001361848,"w":-0.023848313838243486},"size":12.835684776306153,"orthographic":false}