{"cameraMode":{"drawMode":0,"name":"Shaded","section":"Shading Mode"},"sceneLighting":true,"audioPlay":false,"sceneViewState":{"m_AlwaysRefresh":false,"showFog":true,"showSkybox":true,"showFlares":true,"showImageEffects":true,"showParticleSystems":true,"showVisualEffectGraphs":true,"m_FxEnabled":false},"in2DMode":false,"pivot":{"x":16.760046005249025,"y":-5.635430812835693,"z":-15.385072708129883},"rotation":{"x":0.007542728446424007,"y":-0.9788878560066223,"z":0.20097939670085908,"w":0.03670596331357956},"size":11.508561134338379,"orthographic":false}